email,access_token,user_id
pikachu@itb.ac.id,eyJhbGciOiJIUzI1NiIsImtpZCI6InFzNGg5M0tidXdvaHN0N2ciLCJ0eXAiOiJKV1QifQ.eyJpc3MiOiJodHRwczovL3J2bWhob3FoZmhkdGNybm5haWd4LnN1cGFiYXNlLmNvL2F1dGgvdjEiLCJzdWIiOiJjYmJkODljZi1mNWJlLTRmZWUtYTg4Yi1mZTU0MTAzODk0NjEiLCJhdWQiOiJhdXRoZW50aWNhdGVkIiwiZXhwIjoxNzY0MzE4MzY3LCJpYXQiOjE3NjQzMTQ3NjcsImVtYWlsIjoicGlrYWNodUBpdGIuYWMuaWQiLCJwaG9uZSI6IiIsImFwcF9tZXRhZGF0YSI6eyJwcm92aWRlciI6ImVtYWlsIiwicHJvdmlkZXJzIjpbImVtYWlsIl19LCJ1c2VyX21ldGFkYXRhIjp7ImVtYWlsX3ZlcmlmaWVkIjp0cnVlLCJuYW1lIjoiUGlrYWNodSIsIm5pbSI6IjE4MTI2MDA0Iiwicm9sZSI6InN0dWRlbnQifSwicm9sZSI6ImF1dGhlbnRpY2F0ZWQiLCJhYWwiOiJhYWwxIiwiYW1yIjpbeyJtZXRob2QiOiJwYXNzd29yZCIsInRpbWVzdGFtcCI6MTc2NDMxNDc2N31dLCJzZXNzaW9uX2lkIjoiNmM1ZDYzNDctMGZlNS00MzU2LTkzOGYtYmYwZDk2NjEwMTc1IiwiaXNfYW5vbnltb3VzIjpmYWxzZX0.wjIiQ5GTXUnRjmExOEA9axsIQElWjbI1u1G9m4zasF0,cbbd89cf-f5be-4fee-a88b-fe5410389461
charmander@itb.ac.id,eyJhbGciOiJIUzI1NiIsImtpZCI6InFzNGg5M0tidXdvaHN0N2ciLCJ0eXAiOiJKV1QifQ.eyJpc3MiOiJodHRwczovL3J2bWhob3FoZmhkdGNybm5haWd4LnN1cGFiYXNlLmNvL2F1dGgvdjEiLCJzdWIiOiIxYmNmMGYxNy1iNTVjLTQwOTItOWYxMC1kYzk4MjIxZTVmN2QiLCJhdWQiOiJhdXRoZW50aWNhdGVkIiwiZXhwIjoxNzY0MzE4MzY4LCJpYXQiOjE3NjQzMTQ3NjgsImVtYWlsIjoiY2hhcm1hbmRlckBpdGIuYWMuaWQiLCJwaG9uZSI6IiIsImFwcF9tZXRhZGF0YSI6eyJwcm92aWRlciI6ImVtYWlsIiwicHJvdmlkZXJzIjpbImVtYWlsIl19LCJ1c2VyX21ldGFkYXRhIjp7ImVtYWlsX3ZlcmlmaWVkIjp0cnVlLCJuYW1lIjoiQ2hhcm1hbmRlciIsIm5pbSI6IjE4MTI2MDA1Iiwicm9sZSI6InN0dWRlbnQifSwicm9sZSI6ImF1dGhlbnRpY2F0ZWQiLCJhYWwiOiJhYWwxIiwiYW1yIjpbeyJtZXRob2QiOiJwYXNzd29yZCIsInRpbWVzdGFtcCI6MTc2NDMxNDc2OH1dLCJzZXNzaW9uX2lkIjoiZmQ4NTliMDctYzA1Ny00NDljLTgwZjMtMTllMGMyODY2YzM5IiwiaXNfYW5vbnltb3VzIjpmYWxzZX0.X5m8BlL_1IP9u-bd45mCIxYPsIBIey-PW1eYFthwBao,1bcf0f17-b55c-4092-9f10-dc98221e5f7d
bulbasaur@itb.ac.id,eyJhbGciOiJIUzI1NiIsImtpZCI6InFzNGg5M0tidXdvaHN0N2ciLCJ0eXAiOiJKV1QifQ.eyJpc3MiOiJodHRwczovL3J2bWhob3FoZmhkdGNybm5haWd4LnN1cGFiYXNlLmNvL2F1dGgvdjEiLCJzdWIiOiJlZjQ3NTc4OC0xNzc0LTQ3ZGItOTdjNC03ZmVjYzJmZWU0NWIiLCJhdWQiOiJhdXRoZW50aWNhdGVkIiwiZXhwIjoxNzY0MzE4MzY5LCJpYXQiOjE3NjQzMTQ3NjksImVtYWlsIjoiYnVsYmFzYXVyQGl0Yi5hYy5pZCIsInBob25lIjoiIiwiYXBwX21ldGFkYXRhIjp7InByb3ZpZGVyIjoiZW1haWwiLCJwcm92aWRlcnMiOlsiZW1haWwiXX0sInVzZXJfbWV0YWRhdGEiOnsiZW1haWxfdmVyaWZpZWQiOnRydWUsIm5hbWUiOiJCdWxiYXNhdXIiLCJuaW0iOiIxODEyNjAwNiIsInJvbGUiOiJzdHVkZW50In0sInJvbGUiOiJhdXRoZW50aWNhdGVkIiwiYWFsIjoiYWFsMSIsImFtciI6W3sibWV0aG9kIjoicGFzc3dvcmQiLCJ0aW1lc3RhbXAiOjE3NjQzMTQ3Njl9XSwic2Vzc2lvbl9pZCI6IjM0NTc2YWEyLWM3NjctNDZiOC1hY2FkLTZjYTQ5YzUyYzdiMiIsImlzX2Fub255bW91cyI6ZmFsc2V9.zrMdbFWrGus6yB4PnIjA9sxkQGqWIkbTvcbw9mMPjxQ,ef475788-1774-47db-97c4-7fecc2fee45b
squirtle@itb.ac.id,eyJhbGciOiJIUzI1NiIsImtpZCI6InFzNGg5M0tidXdvaHN0N2ciLCJ0eXAiOiJKV1QifQ.eyJpc3MiOiJodHRwczovL3J2bWhob3FoZmhkdGNybm5haWd4LnN1cGFiYXNlLmNvL2F1dGgvdjEiLCJzdWIiOiI4ZTUxMDViNy01YTQxLTQwMTUtYTNhMy01NzM1NDk0Y2Y0NWEiLCJhdWQiOiJhdXRoZW50aWNhdGVkIiwiZXhwIjoxNzY0MzE4MzcwLCJpYXQiOjE3NjQzMTQ3NzAsImVtYWlsIjoic3F1aXJ0bGVAaXRiLmFjLmlkIiwicGhvbmUiOiIiLCJhcHBfbWV0YWRhdGEiOnsicHJvdmlkZXIiOiJlbWFpbCIsInByb3ZpZGVycyI6WyJlbWFpbCJdfSwidXNlcl9tZXRhZGF0YSI6eyJlbWFpbF92ZXJpZmllZCI6dHJ1ZSwibmFtZSI6IlNxdWlydGxlIiwibmltIjoiMTgxMjYwMDciLCJyb2xlIjoic3R1ZGVudCJ9LCJyb2xlIjoiYXV0aGVudGljYXRlZCIsImFhbCI6ImFhbDEiLCJhbXIiOlt7Im1ldGhvZCI6InBhc3N3b3JkIiwidGltZXN0YW1wIjoxNzY0MzE0NzcwfV0sInNlc3Npb25faWQiOiJiY2E0MTBkZS0xMzY4LTQxMTUtYjYxMi1mZDg3MWFiMDlhZjkiLCJpc19hbm9ueW1vdXMiOmZhbHNlfQ.lr6xOW5G0bLI4MY33m1PCRw8Yd43XYhxBhhWyn593nc,8e5105b7-5a41-4015-a3a3-5735494cf45a
eevee@itb.ac.id,eyJhbGciOiJIUzI1NiIsImtpZCI6InFzNGg5M0tidXdvaHN0N2ciLCJ0eXAiOiJKV1QifQ.eyJpc3MiOiJodHRwczovL3J2bWhob3FoZmhkdGNybm5haWd4LnN1cGFiYXNlLmNvL2F1dGgvdjEiLCJzdWIiOiIzNWJlNzZiZi01NTA5LTQ3M2MtOTgzMS1iZTYwZWE2YTEyMzIiLCJhdWQiOiJhdXRoZW50aWNhdGVkIiwiZXhwIjoxNzY0MzE4MzcxLCJpYXQiOjE3NjQzMTQ3NzEsImVtYWlsIjoiZWV2ZWVAaXRiLmFjLmlkIiwicGhvbmUiOiIiLCJhcHBfbWV0YWRhdGEiOnsicHJvdmlkZXIiOiJlbWFpbCIsInByb3ZpZGVycyI6WyJlbWFpbCJdfSwidXNlcl9tZXRhZGF0YSI6eyJlbWFpbF92ZXJpZmllZCI6dHJ1ZSwibmFtZSI6IkVldmVlIiwibmltIjoiMTgxMjYwMDgiLCJyb2xlIjoic3R1ZGVudCJ9LCJyb2xlIjoiYXV0aGVudGljYXRlZCIsImFhbCI6ImFhbDEiLCJhbXIiOlt7Im1ldGhvZCI6InBhc3N3b3JkIiwidGltZXN0YW1wIjoxNzY0MzE0NzcxfV0sInNlc3Npb25faWQiOiJmMTA2NzA3My01N2RiLTRlYjktYmViYS00NTBmMTc0NTFlOGMiLCJpc19hbm9ueW1vdXMiOmZhbHNlfQ.44qgi4-7VKeGVZAi7sHN1nAlgC3IJcf7gpxf_WFK4tY,35be76bf-5509-473c-9831-be60ea6a1232
snorlax@itb.ac.id,eyJhbGciOiJIUzI1NiIsImtpZCI6InFzNGg5M0tidXdvaHN0N2ciLCJ0eXAiOiJKV1QifQ.eyJpc3MiOiJodHRwczovL3J2bWhob3FoZmhkdGNybm5haWd4LnN1cGFiYXNlLmNvL2F1dGgvdjEiLCJzdWIiOiJiNTIyNjhmNy01MGRlLTQyYTYtODU0NC1jZGIwMmE5NTFiZDUiLCJhdWQiOiJhdXRoZW50aWNhdGVkIiwiZXhwIjoxNzY0MzE4MzcyLCJpYXQiOjE3NjQzMTQ3NzIsImVtYWlsIjoic25vcmxheEBpdGIuYWMuaWQiLCJwaG9uZSI6IiIsImFwcF9tZXRhZGF0YSI6eyJwcm92aWRlciI6ImVtYWlsIiwicHJvdmlkZXJzIjpbImVtYWlsIl19LCJ1c2VyX21ldGFkYXRhIjp7ImVtYWlsX3ZlcmlmaWVkIjp0cnVlLCJuYW1lIjoiU25vcmxheCIsIm5pbSI6IjE4MTI2MDA5Iiwicm9sZSI6InN0dWRlbnQifSwicm9sZSI6ImF1dGhlbnRpY2F0ZWQiLCJhYWwiOiJhYWwxIiwiYW1yIjpbeyJtZXRob2QiOiJwYXNzd29yZCIsInRpbWVzdGFtcCI6MTc2NDMxNDc3Mn1dLCJzZXNzaW9uX2lkIjoiZTFhYzVkMzItNDBjZi00OGE5LTlhYmItYWYzZTA0ODMxNzUwIiwiaXNfYW5vbnltb3VzIjpmYWxzZX0.TyZL8D6Mja50Y1TPI_5kQ8BYUb3y-AwM4YB8OxJxu4A,b52268f7-50de-42a6-8544-cdb02a951bd5
mewtwo@itb.ac.id,eyJhbGciOiJIUzI1NiIsImtpZCI6InFzNGg5M0tidXdvaHN0N2ciLCJ0eXAiOiJKV1QifQ.eyJpc3MiOiJodHRwczovL3J2bWhob3FoZmhkdGNybm5haWd4LnN1cGFiYXNlLmNvL2F1dGgvdjEiLCJzdWIiOiI2MTRjYTE5OC1iNmQ3LTQxMTYtYjJhNi1kMmE2NTdkODc0OWEiLCJhdWQiOiJhdXRoZW50aWNhdGVkIiwiZXhwIjoxNzY0MzE4Mzc4LCJpYXQiOjE3NjQzMTQ3NzgsImVtYWlsIjoibWV3dHdvQGl0Yi5hYy5pZCIsInBob25lIjoiIiwiYXBwX21ldGFkYXRhIjp7InByb3ZpZGVyIjoiZW1haWwiLCJwcm92aWRlcnMiOlsiZW1haWwiXX0sInVzZXJfbWV0YWRhdGEiOnsiZW1haWxfdmVyaWZpZWQiOnRydWUsIm5hbWUiOiJNZXd0d28iLCJuaW0iOiIxODEyNjAxMCIsInJvbGUiOiJzdHVkZW50In0sInJvbGUiOiJhdXRoZW50aWNhdGVkIiwiYWFsIjoiYWFsMSIsImFtciI6W3sibWV0aG9kIjoicGFzc3dvcmQiLCJ0aW1lc3RhbXAiOjE3NjQzMTQ3Nzh9XSwic2Vzc2lvbl9pZCI6IjQ1ZTZlZTJkLWQxOTktNGE4Zi05ODliLTE4ZWE3ODNhZjcyZSIsImlzX2Fub255bW91cyI6ZmFsc2V9.6PPmx3H8gDtRmR_rGkPUdenLS2EJ-TmxeV7gQimBhUM,614ca198-b6d7-4116-b2a6-d2a657d8749a
mew@itb.ac.id,eyJhbGciOiJIUzI1NiIsImtpZCI6InFzNGg5M0tidXdvaHN0N2ciLCJ0eXAiOiJKV1QifQ.eyJpc3MiOiJodHRwczovL3J2bWhob3FoZmhkdGNybm5haWd4LnN1cGFiYXNlLmNvL2F1dGgvdjEiLCJzdWIiOiIyODBhMjk5ZC02NDEyLTQwMTItYjMyNi03MjU0NGFjYTdmNGEiLCJhdWQiOiJhdXRoZW50aWNhdGVkIiwiZXhwIjoxNzY0MzE4Mzc5LCJpYXQiOjE3NjQzMTQ3NzksImVtYWlsIjoibWV3QGl0Yi5hYy5pZCIsInBob25lIjoiIiwiYXBwX21ldGFkYXRhIjp7InByb3ZpZGVyIjoiZW1haWwiLCJwcm92aWRlcnMiOlsiZW1haWwiXX0sInVzZXJfbWV0YWRhdGEiOnsiZW1haWxfdmVyaWZpZWQiOnRydWUsIm5hbWUiOiJNZXciLCJuaW0iOiIxODEyNjAxMSIsInJvbGUiOiJzdHVkZW50In0sInJvbGUiOiJhdXRoZW50aWNhdGVkIiwiYWFsIjoiYWFsMSIsImFtciI6W3sibWV0aG9kIjoicGFzc3dvcmQiLCJ0aW1lc3RhbXAiOjE3NjQzMTQ3Nzl9XSwic2Vzc2lvbl9pZCI6IjY0Njg1ZGFhLWJlYzgtNDRiOS04ZmFmLWFjNTA4ZDk4ODYzNiIsImlzX2Fub255bW91cyI6ZmFsc2V9.E_4mIcCFNnQ2tkpgCQQjD8ZHls9U2hhoUFnj1njlX2U,280a299d-6412-4012-b326-72544aca7f4a
lugia@itb.ac.id,eyJhbGciOiJIUzI1NiIsImtpZCI6InFzNGg5M0tidXdvaHN0N2ciLCJ0eXAiOiJKV1QifQ.eyJpc3MiOiJodHRwczovL3J2bWhob3FoZmhkdGNybm5haWd4LnN1cGFiYXNlLmNvL2F1dGgvdjEiLCJzdWIiOiI4NmVjN2JlNi03YzNmLTRlMjUtYjdmYy1iNTNiZmY1MzFjNWIiLCJhdWQiOiJhdXRoZW50aWNhdGVkIiwiZXhwIjoxNzY0MzE4MzgwLCJpYXQiOjE3NjQzMTQ3ODAsImVtYWlsIjoibHVnaWFAaXRiLmFjLmlkIiwicGhvbmUiOiIiLCJhcHBfbWV0YWRhdGEiOnsicHJvdmlkZXIiOiJlbWFpbCIsInByb3ZpZGVycyI6WyJlbWFpbCJdfSwidXNlcl9tZXRhZGF0YSI6eyJlbWFpbF92ZXJpZmllZCI6dHJ1ZSwibmFtZSI6Ikx1Z2lhIiwibmltIjoiMTgxMjYwMTIiLCJyb2xlIjoic3R1ZGVudCJ9LCJyb2xlIjoiYXV0aGVudGljYXRlZCIsImFhbCI6ImFhbDEiLCJhbXIiOlt7Im1ldGhvZCI6InBhc3N3b3JkIiwidGltZXN0YW1wIjoxNzY0MzE0NzgwfV0sInNlc3Npb25faWQiOiI3ZWQxYjI2NS0zNTVhLTQyZWMtYTIzMi04NjlhMmI4OTFlMTIiLCJpc19hbm9ueW1vdXMiOmZhbHNlfQ.NZhorn6N6c5Y0ej58F6ujS4jD6PzLpdM4o7O2JtY6VA,86ec7be6-7c3f-4e25-b7fc-b53bff531c5b
hooh@itb.ac.id,eyJhbGciOiJIUzI1NiIsImtpZCI6InFzNGg5M0tidXdvaHN0N2ciLCJ0eXAiOiJKV1QifQ.eyJpc3MiOiJodHRwczovL3J2bWhob3FoZmhkdGNybm5haWd4LnN1cGFiYXNlLmNvL2F1dGgvdjEiLCJzdWIiOiI5ZmQ2ODIyMi1jM2ZiLTQ1Y2QtOTI5Yy00ZGZkMWNiNWQ3NzAiLCJhdWQiOiJhdXRoZW50aWNhdGVkIiwiZXhwIjoxNzY0MzE4MzgyLCJpYXQiOjE3NjQzMTQ3ODIsImVtYWlsIjoiaG9vaEBpdGIuYWMuaWQiLCJwaG9uZSI6IiIsImFwcF9tZXRhZGF0YSI6eyJwcm92aWRlciI6ImVtYWlsIiwicHJvdmlkZXJzIjpbImVtYWlsIl19LCJ1c2VyX21ldGFkYXRhIjp7ImVtYWlsX3ZlcmlmaWVkIjp0cnVlLCJuYW1lIjoiSG9vaCIsIm5pbSI6IjE4MTI2MDEzIiwicm9sZSI6InN0dWRlbnQifSwicm9sZSI6ImF1dGhlbnRpY2F0ZWQiLCJhYWwiOiJhYWwxIiwiYW1yIjpbeyJtZXRob2QiOiJwYXNzd29yZCIsInRpbWVzdGFtcCI6MTc2NDMxNDc4Mn1dLCJzZXNzaW9uX2lkIjoiZDEwNGJiNjQtMTM2OS00OTFmLWIxOWYtMTVjOWFjZDk3ZjRmIiwiaXNfYW5vbnltb3VzIjpmYWxzZX0.58Z_YxK-qRbcXOFHSz1R-vFs1COMYs6o6kNXa7Mf6X0,9fd68222-c3fb-45cd-929c-4dfd1cb5d770
celebi@itb.ac.id,eyJhbGciOiJIUzI1NiIsImtpZCI6InFzNGg5M0tidXdvaHN0N2ciLCJ0eXAiOiJKV1QifQ.eyJpc3MiOiJodHRwczovL3J2bWhob3FoZmhkdGNybm5haWd4LnN1cGFiYXNlLmNvL2F1dGgvdjEiLCJzdWIiOiI0YmQ1MDhmNy0zMTlkLTQ5ZGYtYjIwZC01ZmYwNTA4MjRmMDMiLCJhdWQiOiJhdXRoZW50aWNhdGVkIiwiZXhwIjoxNzY0MzE4MzgzLCJpYXQiOjE3NjQzMTQ3ODMsImVtYWlsIjoiY2VsZWJpQGl0Yi5hYy5pZCIsInBob25lIjoiIiwiYXBwX21ldGFkYXRhIjp7InByb3ZpZGVyIjoiZW1haWwiLCJwcm92aWRlcnMiOlsiZW1haWwiXX0sInVzZXJfbWV0YWRhdGEiOnsiZW1haWxfdmVyaWZpZWQiOnRydWUsIm5hbWUiOiJDZWxlYmkiLCJuaW0iOiIxODEyNjAxNCIsInJvbGUiOiJzdHVkZW50In0sInJvbGUiOiJhdXRoZW50aWNhdGVkIiwiYWFsIjoiYWFsMSIsImFtciI6W3sibWV0aG9kIjoicGFzc3dvcmQiLCJ0aW1lc3RhbXAiOjE3NjQzMTQ3ODN9XSwic2Vzc2lvbl9pZCI6ImVkZjc2NjQ5LTllZmItNDhhMS05N2U3LWU2NzI1OTdlM2I1YSIsImlzX2Fub255bW91cyI6ZmFsc2V9.ayZ4TFBTcLxzOaeSY3I8IMq1FUS0vhhUAr6eJ69SVP0,4bd508f7-319d-49df-b20d-5ff050824f03
jirachi@itb.ac.id,eyJhbGciOiJIUzI1NiIsImtpZCI6InFzNGg5M0tidXdvaHN0N2ciLCJ0eXAiOiJKV1QifQ.eyJpc3MiOiJodHRwczovL3J2bWhob3FoZmhkdGNybm5haWd4LnN1cGFiYXNlLmNvL2F1dGgvdjEiLCJzdWIiOiI4NjU2ODRhZi0zODZjLTQ0OGQtYjJlOS05ZDdkZTFkZjY2MTciLCJhdWQiOiJhdXRoZW50aWNhdGVkIiwiZXhwIjoxNzY0MzE4Mzg0LCJpYXQiOjE3NjQzMTQ3ODQsImVtYWlsIjoiamlyYWNoaUBpdGIuYWMuaWQiLCJwaG9uZSI6IiIsImFwcF9tZXRhZGF0YSI6eyJwcm92aWRlciI6ImVtYWlsIiwicHJvdmlkZXJzIjpbImVtYWlsIl19LCJ1c2VyX21ldGFkYXRhIjp7ImVtYWlsX3ZlcmlmaWVkIjp0cnVlLCJuYW1lIjoiSmlyYWNoaSIsIm5pbSI6IjE4MTI2MDE1Iiwicm9sZSI6InN0dWRlbnQifSwicm9sZSI6ImF1dGhlbnRpY2F0ZWQiLCJhYWwiOiJhYWwxIiwiYW1yIjpbeyJtZXRob2QiOiJwYXNzd29yZCIsInRpbWVzdGFtcCI6MTc2NDMxNDc4NH1dLCJzZXNzaW9uX2lkIjoiOWQyYzY0ZDYtZTk2Yy00MjVjLThhNDMtNzUwN2RhMTNhZGQ5IiwiaXNfYW5vbnltb3VzIjpmYWxzZX0.PkTs3SD4I3pUcFWswr3bBfZ9sdOjugt3ohanyH4sns0,865684af-386c-448d-b2e9-9d7de1df6617
deoxys@itb.ac.id,eyJhbGciOiJIUzI1NiIsImtpZCI6InFzNGg5M0tidXdvaHN0N2ciLCJ0eXAiOiJKV1QifQ.eyJpc3MiOiJodHRwczovL3J2bWhob3FoZmhkdGNybm5haWd4LnN1cGFiYXNlLmNvL2F1dGgvdjEiLCJzdWIiOiI0MjJiYmU2Yi1iZTE2LTQ3N2MtOThlMS00ZjIyZTZkMDViODUiLCJhdWQiOiJhdXRoZW50aWNhdGVkIiwiZXhwIjoxNzY0MzE4Mzg1LCJpYXQiOjE3NjQzMTQ3ODUsImVtYWlsIjoiZGVveHlzQGl0Yi5hYy5pZCIsInBob25lIjoiIiwiYXBwX21ldGFkYXRhIjp7InByb3ZpZGVyIjoiZW1haWwiLCJwcm92aWRlcnMiOlsiZW1haWwiXX0sInVzZXJfbWV0YWRhdGEiOnsiZW1haWxfdmVyaWZpZWQiOnRydWUsIm5hbWUiOiJEZW94eXMiLCJuaW0iOiIxODEyNjAxNiIsInJvbGUiOiJzdHVkZW50In0sInJvbGUiOiJhdXRoZW50aWNhdGVkIiwiYWFsIjoiYWFsMSIsImFtciI6W3sibWV0aG9kIjoicGFzc3dvcmQiLCJ0aW1lc3RhbXAiOjE3NjQzMTQ3ODV9XSwic2Vzc2lvbl9pZCI6IjY2OWM0NzU2LTJmNjItNDliYi1iOWJlLWIwNDk1YWJmNjQ3ZiIsImlzX2Fub255bW91cyI6ZmFsc2V9.w87a_VHtlx-gEi0bzlnY67Xv8vBlETkqml0_uSn8RvI,422bbe6b-be16-477c-98e1-4f22e6d05b85
rayquaza@itb.ac.id,eyJhbGciOiJIUzI1NiIsImtpZCI6InFzNGg5M0tidXdvaHN0N2ciLCJ0eXAiOiJKV1QifQ.eyJpc3MiOiJodHRwczovL3J2bWhob3FoZmhkdGNybm5haWd4LnN1cGFiYXNlLmNvL2F1dGgvdjEiLCJzdWIiOiI5Mzg1ZDQ5OC00NjhjLTRjYzItOWZiOS00MjZiMDEyNjMxM2YiLCJhdWQiOiJhdXRoZW50aWNhdGVkIiwiZXhwIjoxNzY0MzE4Mzg2LCJpYXQiOjE3NjQzMTQ3ODYsImVtYWlsIjoicmF5cXVhemFAaXRiLmFjLmlkIiwicGhvbmUiOiIiLCJhcHBfbWV0YWRhdGEiOnsicHJvdmlkZXIiOiJlbWFpbCIsInByb3ZpZGVycyI6WyJlbWFpbCJdfSwidXNlcl9tZXRhZGF0YSI6eyJlbWFpbF92ZXJpZmllZCI6dHJ1ZSwibmFtZSI6IlJheXF1YXphIiwibmltIjoiMTgxMjYwMTciLCJyb2xlIjoic3R1ZGVudCJ9LCJyb2xlIjoiYXV0aGVudGljYXRlZCIsImFhbCI6ImFhbDEiLCJhbXIiOlt7Im1ldGhvZCI6InBhc3N3b3JkIiwidGltZXN0YW1wIjoxNzY0MzE0Nzg2fV0sInNlc3Npb25faWQiOiIyYmMzYTllOC1jZTBlLTQyZDYtYjQ0NC02NGU5YTg4NmI3ZTUiLCJpc19hbm9ueW1vdXMiOmZhbHNlfQ.6jNoqgYC_oGpSdxY6tMZKQc4od0CZ5xgNun0FyaNiu4,9385d498-468c-4cc2-9fb9-426b0126313f
groudon@itb.ac.id,eyJhbGciOiJIUzI1NiIsImtpZCI6InFzNGg5M0tidXdvaHN0N2ciLCJ0eXAiOiJKV1QifQ.eyJpc3MiOiJodHRwczovL3J2bWhob3FoZmhkdGNybm5haWd4LnN1cGFiYXNlLmNvL2F1dGgvdjEiLCJzdWIiOiI2MTZiZGZkYS1mNDMyLTQ2ZmQtYjFmZS0zZjgxZTc3OTdiYjciLCJhdWQiOiJhdXRoZW50aWNhdGVkIiwiZXhwIjoxNzY0MzE4Mzg3LCJpYXQiOjE3NjQzMTQ3ODcsImVtYWlsIjoiZ3JvdWRvbkBpdGIuYWMuaWQiLCJwaG9uZSI6IiIsImFwcF9tZXRhZGF0YSI6eyJwcm92aWRlciI6ImVtYWlsIiwicHJvdmlkZXJzIjpbImVtYWlsIl19LCJ1c2VyX21ldGFkYXRhIjp7ImVtYWlsX3ZlcmlmaWVkIjp0cnVlLCJuYW1lIjoiR3JvdWRvbiIsIm5pbSI6IjE4MTI2MDE4Iiwicm9sZSI6InN0dWRlbnQifSwicm9sZSI6ImF1dGhlbnRpY2F0ZWQiLCJhYWwiOiJhYWwxIiwiYW1yIjpbeyJtZXRob2QiOiJwYXNzd29yZCIsInRpbWVzdGFtcCI6MTc2NDMxNDc4N31dLCJzZXNzaW9uX2lkIjoiYjQwN2VhY2YtYzExMC00NmQ1LTkxY2UtMWY2NWIwMjMzMDYyIiwiaXNfYW5vbnltb3VzIjpmYWxzZX0.2QXt7juijMizgn0Ab3j1GpCRofnFM2j9jeTQJfhGu_M,616bdfda-f432-46fd-b1fe-3f81e7797bb7
kyogre@itb.ac.id,eyJhbGciOiJIUzI1NiIsImtpZCI6InFzNGg5M0tidXdvaHN0N2ciLCJ0eXAiOiJKV1QifQ.eyJpc3MiOiJodHRwczovL3J2bWhob3FoZmhkdGNybm5haWd4LnN1cGFiYXNlLmNvL2F1dGgvdjEiLCJzdWIiOiIwOTg3OTY3Yy1mYTdlLTRhNDktOGZhZS0yYzFkNGUyY2U5YzYiLCJhdWQiOiJhdXRoZW50aWNhdGVkIiwiZXhwIjoxNzY0MzE4Mzg4LCJpYXQiOjE3NjQzMTQ3ODgsImVtYWlsIjoia3lvZ3JlQGl0Yi5hYy5pZCIsInBob25lIjoiIiwiYXBwX21ldGFkYXRhIjp7InByb3ZpZGVyIjoiZW1haWwiLCJwcm92aWRlcnMiOlsiZW1haWwiXX0sInVzZXJfbWV0YWRhdGEiOnsiZW1haWxfdmVyaWZpZWQiOnRydWUsIm5hbWUiOiJLeW9ncmUiLCJuaW0iOiIxODEyNjAxOSIsInJvbGUiOiJzdHVkZW50In0sInJvbGUiOiJhdXRoZW50aWNhdGVkIiwiYWFsIjoiYWFsMSIsImFtciI6W3sibWV0aG9kIjoicGFzc3dvcmQiLCJ0aW1lc3RhbXAiOjE3NjQzMTQ3ODh9XSwic2Vzc2lvbl9pZCI6IjBjNzAwM2JjLTNlNjMtNDEwYy05ZTFiLWU1YmRmZmM2OWZmOSIsImlzX2Fub255bW91cyI6ZmFsc2V9.fJ3kKmgIvDLm5ahWkrflT7LX3s5ArhoMOPCrFgWH34Y,0987967c-fa7e-4a49-8fae-2c1d4e2ce9c6
palkia@itb.ac.id,eyJhbGciOiJIUzI1NiIsImtpZCI6InFzNGg5M0tidXdvaHN0N2ciLCJ0eXAiOiJKV1QifQ.eyJpc3MiOiJodHRwczovL3J2bWhob3FoZmhkdGNybm5haWd4LnN1cGFiYXNlLmNvL2F1dGgvdjEiLCJzdWIiOiIzMjRlYzhhYy1hNjM5LTQyNjEtODM2MS1iNzM0MmY3NTFjODMiLCJhdWQiOiJhdXRoZW50aWNhdGVkIiwiZXhwIjoxNzY0MzE4Mzg5LCJpYXQiOjE3NjQzMTQ3ODksImVtYWlsIjoicGFsa2lhQGl0Yi5hYy5pZCIsInBob25lIjoiIiwiYXBwX21ldGFkYXRhIjp7InByb3ZpZGVyIjoiZW1haWwiLCJwcm92aWRlcnMiOlsiZW1haWwiXX0sInVzZXJfbWV0YWRhdGEiOnsiZW1haWxfdmVyaWZpZWQiOnRydWUsIm5hbWUiOiJQYWxraWEiLCJuaW0iOiIxODEyNjAyMCIsInJvbGUiOiJzdHVkZW50In0sInJvbGUiOiJhdXRoZW50aWNhdGVkIiwiYWFsIjoiYWFsMSIsImFtciI6W3sibWV0aG9kIjoicGFzc3dvcmQiLCJ0aW1lc3RhbXAiOjE3NjQzMTQ3ODl9XSwic2Vzc2lvbl9pZCI6IjdlZTkwZWRlLTA3MjYtNGQ1YS1iMzQ4LTEyNTA5NzFkMDBjYiIsImlzX2Fub255bW91cyI6ZmFsc2V9.HB2yARLLWKBCm5lStNBEKj8dV8LhqkWCzcmVLIpWL_0,324ec8ac-a639-4261-8361-b7342f751c83
dialga@itb.ac.id,eyJhbGciOiJIUzI1NiIsImtpZCI6InFzNGg5M0tidXdvaHN0N2ciLCJ0eXAiOiJKV1QifQ.eyJpc3MiOiJodHRwczovL3J2bWhob3FoZmhkdGNybm5haWd4LnN1cGFiYXNlLmNvL2F1dGgvdjEiLCJzdWIiOiI3ZDg4ZWQ5Ny0yNzRkLTQ0NmUtOTRiNS1jNGQ0NWIxZTJlMTgiLCJhdWQiOiJhdXRoZW50aWNhdGVkIiwiZXhwIjoxNzY0MzE4MzkwLCJpYXQiOjE3NjQzMTQ3OTAsImVtYWlsIjoiZGlhbGdhQGl0Yi5hYy5pZCIsInBob25lIjoiIiwiYXBwX21ldGFkYXRhIjp7InByb3ZpZGVyIjoiZW1haWwiLCJwcm92aWRlcnMiOlsiZW1haWwiXX0sInVzZXJfbWV0YWRhdGEiOnsiZW1haWxfdmVyaWZpZWQiOnRydWUsIm5hbWUiOiJEaWFsZ2EiLCJuaW0iOiIxODEyNjAyMSIsInJvbGUiOiJzdHVkZW50In0sInJvbGUiOiJhdXRoZW50aWNhdGVkIiwiYWFsIjoiYWFsMSIsImFtciI6W3sibWV0aG9kIjoicGFzc3dvcmQiLCJ0aW1lc3RhbXAiOjE3NjQzMTQ3OTB9XSwic2Vzc2lvbl9pZCI6IjBiNjhlMTlhLTY4ZDgtNDQ2NS05OWZkLWJkZmNkODdmNzU5NiIsImlzX2Fub255bW91cyI6ZmFsc2V9.4nVf1sDW2Y0AX6kENgd8vcmGj0LSvFMzAokEF3SyTyA,7d88ed97-274d-446e-94b5-c4d45b1e2e18
giratina@itb.ac.id,eyJhbGciOiJIUzI1NiIsImtpZCI6InFzNGg5M0tidXdvaHN0N2ciLCJ0eXAiOiJKV1QifQ.eyJpc3MiOiJodHRwczovL3J2bWhob3FoZmhkdGNybm5haWd4LnN1cGFiYXNlLmNvL2F1dGgvdjEiLCJzdWIiOiI1NTJlOTExZi0wYjU0LTRlZjYtOTYyZS03ZGM4Yjg1NTdhMWEiLCJhdWQiOiJhdXRoZW50aWNhdGVkIiwiZXhwIjoxNzY0MzE4MzkxLCJpYXQiOjE3NjQzMTQ3OTEsImVtYWlsIjoiZ2lyYXRpbmFAaXRiLmFjLmlkIiwicGhvbmUiOiIiLCJhcHBfbWV0YWRhdGEiOnsicHJvdmlkZXIiOiJlbWFpbCIsInByb3ZpZGVycyI6WyJlbWFpbCJdfSwidXNlcl9tZXRhZGF0YSI6eyJlbWFpbF92ZXJpZmllZCI6dHJ1ZSwibmFtZSI6IkdpcmF0aW5hIiwibmltIjoiMTgxMjYwMjIiLCJyb2xlIjoic3R1ZGVudCJ9LCJyb2xlIjoiYXV0aGVudGljYXRlZCIsImFhbCI6ImFhbDEiLCJhbXIiOlt7Im1ldGhvZCI6InBhc3N3b3JkIiwidGltZXN0YW1wIjoxNzY0MzE0NzkxfV0sInNlc3Npb25faWQiOiIyYWE4ZGZjMS0xNTc1LTQ0MjQtODU5MC05NmYwYzdlOTY4NjkiLCJpc19hbm9ueW1vdXMiOmZhbHNlfQ.gQgH26ZPxA4UVCEk7Ij8TUoklA-EtFMOGvG_p0C7jdg,552e911f-0b54-4ef6-962e-7dc8b8557a1a
arceus@itb.ac.id,eyJhbGciOiJIUzI1NiIsImtpZCI6InFzNGg5M0tidXdvaHN0N2ciLCJ0eXAiOiJKV1QifQ.eyJpc3MiOiJodHRwczovL3J2bWhob3FoZmhkdGNybm5haWd4LnN1cGFiYXNlLmNvL2F1dGgvdjEiLCJzdWIiOiI0MWRkZjVkYy1iM2U2LTQ3ZTktYWIxZi00NjBhZmU0OGRmNTAiLCJhdWQiOiJhdXRoZW50aWNhdGVkIiwiZXhwIjoxNzY0MzE4MzkyLCJpYXQiOjE3NjQzMTQ3OTIsImVtYWlsIjoiYXJjZXVzQGl0Yi5hYy5pZCIsInBob25lIjoiIiwiYXBwX21ldGFkYXRhIjp7InByb3ZpZGVyIjoiZW1haWwiLCJwcm92aWRlcnMiOlsiZW1haWwiXX0sInVzZXJfbWV0YWRhdGEiOnsiZW1haWxfdmVyaWZpZWQiOnRydWUsIm5hbWUiOiJBcmNldXMiLCJuaW0iOiIxODEyNjAyMyIsInJvbGUiOiJzdHVkZW50In0sInJvbGUiOiJhdXRoZW50aWNhdGVkIiwiYWFsIjoiYWFsMSIsImFtciI6W3sibWV0aG9kIjoicGFzc3dvcmQiLCJ0aW1lc3RhbXAiOjE3NjQzMTQ3OTJ9XSwic2Vzc2lvbl9pZCI6ImM5NmI3MzIwLTgwNGItNDhhYy04YzQxLWJhNWU4NDdhZWYxOCIsImlzX2Fub255bW91cyI6ZmFsc2V9.O5jwYGPeTIC93JrAz9hfb3cje-RWlYt2MfyyCX_3A70,41ddf5dc-b3e6-47e9-ab1f-460afe48df50
darkrai@itb.ac.id,eyJhbGciOiJIUzI1NiIsImtpZCI6InFzNGg5M0tidXdvaHN0N2ciLCJ0eXAiOiJKV1QifQ.eyJpc3MiOiJodHRwczovL3J2bWhob3FoZmhkdGNybm5haWd4LnN1cGFiYXNlLmNvL2F1dGgvdjEiLCJzdWIiOiI4YWRmYmYwYi04OWY0LTQ2MGMtOThlNy0xMmMzMGUyZTA5M2UiLCJhdWQiOiJhdXRoZW50aWNhdGVkIiwiZXhwIjoxNzY0MzE4MzkzLCJpYXQiOjE3NjQzMTQ3OTMsImVtYWlsIjoiZGFya3JhaUBpdGIuYWMuaWQiLCJwaG9uZSI6IiIsImFwcF9tZXRhZGF0YSI6eyJwcm92aWRlciI6ImVtYWlsIiwicHJvdmlkZXJzIjpbImVtYWlsIl19LCJ1c2VyX21ldGFkYXRhIjp7ImVtYWlsX3ZlcmlmaWVkIjp0cnVlLCJuYW1lIjoiRGFya3JhaSIsIm5pbSI6IjE4MTI2MDI0Iiwicm9sZSI6InN0dWRlbnQifSwicm9sZSI6ImF1dGhlbnRpY2F0ZWQiLCJhYWwiOiJhYWwxIiwiYW1yIjpbeyJtZXRob2QiOiJwYXNzd29yZCIsInRpbWVzdGFtcCI6MTc2NDMxNDc5M31dLCJzZXNzaW9uX2lkIjoiYmRkMWUxZDctOWY5YS00YTEyLWJmNWMtOTU5NTIyYTFkNzE4IiwiaXNfYW5vbnltb3VzIjpmYWxzZX0.16giz5XuBVMwFxRKebsiuNt0Jiajlqq77yv6U-8IZPc,8adfbf0b-89f4-460c-98e7-12c30e2e093e
shaymin@itb.ac.id,eyJhbGciOiJIUzI1NiIsImtpZCI6InFzNGg5M0tidXdvaHN0N2ciLCJ0eXAiOiJKV1QifQ.eyJpc3MiOiJodHRwczovL3J2bWhob3FoZmhkdGNybm5haWd4LnN1cGFiYXNlLmNvL2F1dGgvdjEiLCJzdWIiOiI1MmVkM2ZmNC1kMjMyLTQ1ODEtODdjNy0wMGJjNWRkMmU5ZmIiLCJhdWQiOiJhdXRoZW50aWNhdGVkIiwiZXhwIjoxNzY0MzE4Mzk1LCJpYXQiOjE3NjQzMTQ3OTUsImVtYWlsIjoic2hheW1pbkBpdGIuYWMuaWQiLCJwaG9uZSI6IiIsImFwcF9tZXRhZGF0YSI6eyJwcm92aWRlciI6ImVtYWlsIiwicHJvdmlkZXJzIjpbImVtYWlsIl19LCJ1c2VyX21ldGFkYXRhIjp7ImVtYWlsX3ZlcmlmaWVkIjp0cnVlLCJuYW1lIjoiU2hheW1pbiIsIm5pbSI6IjE4MTI2MDI1Iiwicm9sZSI6InN0dWRlbnQifSwicm9sZSI6ImF1dGhlbnRpY2F0ZWQiLCJhYWwiOiJhYWwxIiwiYW1yIjpbeyJtZXRob2QiOiJwYXNzd29yZCIsInRpbWVzdGFtcCI6MTc2NDMxNDc5NX1dLCJzZXNzaW9uX2lkIjoiNGUyOWQ3NjctOGUyMy00MDFhLWIzNTEtYjVhMzY3YTk0NmJmIiwiaXNfYW5vbnltb3VzIjpmYWxzZX0.4Nm4NQQR27m_aZHDW_QrooQuWq-WGdgO31cm5Is3ceo,52ed3ff4-d232-4581-87c7-00bc5dd2e9fb
victini@itb.ac.id,eyJhbGciOiJIUzI1NiIsImtpZCI6InFzNGg5M0tidXdvaHN0N2ciLCJ0eXAiOiJKV1QifQ.eyJpc3MiOiJodHRwczovL3J2bWhob3FoZmhkdGNybm5haWd4LnN1cGFiYXNlLmNvL2F1dGgvdjEiLCJzdWIiOiI3MjYxNTdmNi05MTcyLTQ4YTUtYmQ5ZC1lYTA1ZmI3ZTRjNTMiLCJhdWQiOiJhdXRoZW50aWNhdGVkIiwiZXhwIjoxNzY0MzE4Mzk2LCJpYXQiOjE3NjQzMTQ3OTYsImVtYWlsIjoidmljdGluaUBpdGIuYWMuaWQiLCJwaG9uZSI6IiIsImFwcF9tZXRhZGF0YSI6eyJwcm92aWRlciI6ImVtYWlsIiwicHJvdmlkZXJzIjpbImVtYWlsIl19LCJ1c2VyX21ldGFkYXRhIjp7ImVtYWlsX3ZlcmlmaWVkIjp0cnVlLCJuYW1lIjoiVmljdGluaSIsIm5pbSI6IjE4MTI2MDI2Iiwicm9sZSI6InN0dWRlbnQifSwicm9sZSI6ImF1dGhlbnRpY2F0ZWQiLCJhYWwiOiJhYWwxIiwiYW1yIjpbeyJtZXRob2QiOiJwYXNzd29yZCIsInRpbWVzdGFtcCI6MTc2NDMxNDc5Nn1dLCJzZXNzaW9uX2lkIjoiZjQwYmE1MGItMDY2MC00NDUyLTgxZDYtNDNiOTk2ZDY4ZjBkIiwiaXNfYW5vbnltb3VzIjpmYWxzZX0.pXRzAGISUP6sCYqXtDYk2Y_8yVpHg_K_qezTm5lqqvg,726157f6-9172-48a5-bd9d-ea05fb7e4c53
zekrom@itb.ac.id,eyJhbGciOiJIUzI1NiIsImtpZCI6InFzNGg5M0tidXdvaHN0N2ciLCJ0eXAiOiJKV1QifQ.eyJpc3MiOiJodHRwczovL3J2bWhob3FoZmhkdGNybm5haWd4LnN1cGFiYXNlLmNvL2F1dGgvdjEiLCJzdWIiOiI4NGQxZmFkOS1mMWQ0LTQ4MGMtYjBmMC04OTE1Njg5MDcyNTkiLCJhdWQiOiJhdXRoZW50aWNhdGVkIiwiZXhwIjoxNzY0MzE4NDAyLCJpYXQiOjE3NjQzMTQ4MDIsImVtYWlsIjoiemVrcm9tQGl0Yi5hYy5pZCIsInBob25lIjoiIiwiYXBwX21ldGFkYXRhIjp7InByb3ZpZGVyIjoiZW1haWwiLCJwcm92aWRlcnMiOlsiZW1haWwiXX0sInVzZXJfbWV0YWRhdGEiOnsiZW1haWxfdmVyaWZpZWQiOnRydWUsIm5hbWUiOiJaZWtyb20iLCJuaW0iOiIxODEyNjAyNyIsInJvbGUiOiJzdHVkZW50In0sInJvbGUiOiJhdXRoZW50aWNhdGVkIiwiYWFsIjoiYWFsMSIsImFtciI6W3sibWV0aG9kIjoicGFzc3dvcmQiLCJ0aW1lc3RhbXAiOjE3NjQzMTQ4MDJ9XSwic2Vzc2lvbl9pZCI6IjlmM2E5ZWViLTFlN2QtNDI1My1hODk0LTExYzE1ODI5YTk4OSIsImlzX2Fub255bW91cyI6ZmFsc2V9.wzSMWnZEHZPd6qYoz2H_ciwo8eNKnbhpDtQkQ6RY1SM,84d1fad9-f1d4-480c-b0f0-891568907259
reshiram@itb.ac.id,eyJhbGciOiJIUzI1NiIsImtpZCI6InFzNGg5M0tidXdvaHN0N2ciLCJ0eXAiOiJKV1QifQ.eyJpc3MiOiJodHRwczovL3J2bWhob3FoZmhkdGNybm5haWd4LnN1cGFiYXNlLmNvL2F1dGgvdjEiLCJzdWIiOiJjYTE2NDE4Yy03MmU3LTQyYWEtYWMyMC0yZjlkYjQ0NjIxYzYiLCJhdWQiOiJhdXRoZW50aWNhdGVkIiwiZXhwIjoxNzY0MzE4NDAzLCJpYXQiOjE3NjQzMTQ4MDMsImVtYWlsIjoicmVzaGlyYW1AaXRiLmFjLmlkIiwicGhvbmUiOiIiLCJhcHBfbWV0YWRhdGEiOnsicHJvdmlkZXIiOiJlbWFpbCIsInByb3ZpZGVycyI6WyJlbWFpbCJdfSwidXNlcl9tZXRhZGF0YSI6eyJlbWFpbF92ZXJpZmllZCI6dHJ1ZSwibmFtZSI6IlJlc2hpcmFtIiwibmltIjoiMTgxMjYwMjgiLCJyb2xlIjoic3R1ZGVudCJ9LCJyb2xlIjoiYXV0aGVudGljYXRlZCIsImFhbCI6ImFhbDEiLCJhbXIiOlt7Im1ldGhvZCI6InBhc3N3b3JkIiwidGltZXN0YW1wIjoxNzY0MzE0ODAzfV0sInNlc3Npb25faWQiOiJiOTAzNzUzOC1lZTY4LTRjN2ItODA0ZC1iZmVjMjAyOTFmNDciLCJpc19hbm9ueW1vdXMiOmZhbHNlfQ.--UFsX6-ni36_9synIaVlw_nhkhEzcdFEWhzCzT2gdk,ca16418c-72e7-42aa-ac20-2f9db44621c6
kyurem@itb.ac.id,eyJhbGciOiJIUzI1NiIsImtpZCI6InFzNGg5M0tidXdvaHN0N2ciLCJ0eXAiOiJKV1QifQ.eyJpc3MiOiJodHRwczovL3J2bWhob3FoZmhkdGNybm5haWd4LnN1cGFiYXNlLmNvL2F1dGgvdjEiLCJzdWIiOiI4ZTU0MWRlOS02NDk1LTRlNWYtYjcyNS02ZDAzYzBjNDNlYTYiLCJhdWQiOiJhdXRoZW50aWNhdGVkIiwiZXhwIjoxNzY0MzE4NDA1LCJpYXQiOjE3NjQzMTQ4MDUsImVtYWlsIjoia3l1cmVtQGl0Yi5hYy5pZCIsInBob25lIjoiIiwiYXBwX21ldGFkYXRhIjp7InByb3ZpZGVyIjoiZW1haWwiLCJwcm92aWRlcnMiOlsiZW1haWwiXX0sInVzZXJfbWV0YWRhdGEiOnsiZW1haWxfdmVyaWZpZWQiOnRydWUsIm5hbWUiOiJLeXVyZW0iLCJuaW0iOiIxODEyNjAyOSIsInJvbGUiOiJzdHVkZW50In0sInJvbGUiOiJhdXRoZW50aWNhdGVkIiwiYWFsIjoiYWFsMSIsImFtciI6W3sibWV0aG9kIjoicGFzc3dvcmQiLCJ0aW1lc3RhbXAiOjE3NjQzMTQ4MDV9XSwic2Vzc2lvbl9pZCI6ImIxYmRiNDgwLTI0ZWQtNDMwNy1hMTA1LWJmMzk5YWFhNzE5YiIsImlzX2Fub255bW91cyI6ZmFsc2V9.tpGdpa1g0csmMnqxzSStrDvgmj7d9N1EE7tMP_ZKfd4,8e541de9-6495-4e5f-b725-6d03c0c43ea6
xerneas@itb.ac.id,eyJhbGciOiJIUzI1NiIsImtpZCI6InFzNGg5M0tidXdvaHN0N2ciLCJ0eXAiOiJKV1QifQ.eyJpc3MiOiJodHRwczovL3J2bWhob3FoZmhkdGNybm5haWd4LnN1cGFiYXNlLmNvL2F1dGgvdjEiLCJzdWIiOiI1ZTU0YTc4NC1hY2NiLTQyYjAtYTMxYy0zNzcyNjBjN2VjMjEiLCJhdWQiOiJhdXRoZW50aWNhdGVkIiwiZXhwIjoxNzY0MzE4NDA2LCJpYXQiOjE3NjQzMTQ4MDYsImVtYWlsIjoieGVybmVhc0BpdGIuYWMuaWQiLCJwaG9uZSI6IiIsImFwcF9tZXRhZGF0YSI6eyJwcm92aWRlciI6ImVtYWlsIiwicHJvdmlkZXJzIjpbImVtYWlsIl19LCJ1c2VyX21ldGFkYXRhIjp7ImVtYWlsX3ZlcmlmaWVkIjp0cnVlLCJuYW1lIjoiWGVybmVhcyIsIm5pbSI6IjE4MTI2MDMwIiwicm9sZSI6InN0dWRlbnQifSwicm9sZSI6ImF1dGhlbnRpY2F0ZWQiLCJhYWwiOiJhYWwxIiwiYW1yIjpbeyJtZXRob2QiOiJwYXNzd29yZCIsInRpbWVzdGFtcCI6MTc2NDMxNDgwNn1dLCJzZXNzaW9uX2lkIjoiN2EyMGNkZDYtNjM5ZS00MjhhLWJmOGYtNzUzOWVlMTZhZjcyIiwiaXNfYW5vbnltb3VzIjpmYWxzZX0.zSkEL2aG0xH3mwtrdX_gsBg8MTTWR_Sc_qWEq_1GHVs,5e54a784-accb-42b0-a31c-377260c7ec21
yveltal@itb.ac.id,eyJhbGciOiJIUzI1NiIsImtpZCI6InFzNGg5M0tidXdvaHN0N2ciLCJ0eXAiOiJKV1QifQ.eyJpc3MiOiJodHRwczovL3J2bWhob3FoZmhkdGNybm5haWd4LnN1cGFiYXNlLmNvL2F1dGgvdjEiLCJzdWIiOiJjMGQwZWZlZi04YjJmLTQ4NTYtYTZjZi1kZjFiMTc1MzVkMjkiLCJhdWQiOiJhdXRoZW50aWNhdGVkIiwiZXhwIjoxNzY0MzE4NDA3LCJpYXQiOjE3NjQzMTQ4MDcsImVtYWlsIjoieXZlbHRhbEBpdGIuYWMuaWQiLCJwaG9uZSI6IiIsImFwcF9tZXRhZGF0YSI6eyJwcm92aWRlciI6ImVtYWlsIiwicHJvdmlkZXJzIjpbImVtYWlsIl19LCJ1c2VyX21ldGFkYXRhIjp7ImVtYWlsX3ZlcmlmaWVkIjp0cnVlLCJuYW1lIjoiWXZlbHRhbCIsIm5pbSI6IjE4MTI2MDMxIiwicm9sZSI6InN0dWRlbnQifSwicm9sZSI6ImF1dGhlbnRpY2F0ZWQiLCJhYWwiOiJhYWwxIiwiYW1yIjpbeyJtZXRob2QiOiJwYXNzd29yZCIsInRpbWVzdGFtcCI6MTc2NDMxNDgwN31dLCJzZXNzaW9uX2lkIjoiMWE0MTQxNDgtNzMzYy00MTIwLThjOWMtOTBiMDhlOWRjMWZkIiwiaXNfYW5vbnltb3VzIjpmYWxzZX0.LhRmUiHmJh7pF3e7Up0VxRP6cmxH-VnFI5huBzhSzx4,c0d0efef-8b2f-4856-a6cf-df1b17535d29
zygarde@itb.ac.id,eyJhbGciOiJIUzI1NiIsImtpZCI6InFzNGg5M0tidXdvaHN0N2ciLCJ0eXAiOiJKV1QifQ.eyJpc3MiOiJodHRwczovL3J2bWhob3FoZmhkdGNybm5haWd4LnN1cGFiYXNlLmNvL2F1dGgvdjEiLCJzdWIiOiJhMjIwYTg1NC1iMzcxLTQ1MjgtOGY1My1kMDY4MTMyM2FiYzIiLCJhdWQiOiJhdXRoZW50aWNhdGVkIiwiZXhwIjoxNzY0MzE4NDEyLCJpYXQiOjE3NjQzMTQ4MTIsImVtYWlsIjoienlnYXJkZUBpdGIuYWMuaWQiLCJwaG9uZSI6IiIsImFwcF9tZXRhZGF0YSI6eyJwcm92aWRlciI6ImVtYWlsIiwicHJvdmlkZXJzIjpbImVtYWlsIl19LCJ1c2VyX21ldGFkYXRhIjp7ImVtYWlsX3ZlcmlmaWVkIjp0cnVlLCJuYW1lIjoiWnlnYXJkZSIsIm5pbSI6IjE4MTI2MDMyIiwicm9sZSI6InN0dWRlbnQifSwicm9sZSI6ImF1dGhlbnRpY2F0ZWQiLCJhYWwiOiJhYWwxIiwiYW1yIjpbeyJtZXRob2QiOiJwYXNzd29yZCIsInRpbWVzdGFtcCI6MTc2NDMxNDgxMX1dLCJzZXNzaW9uX2lkIjoiYjFmNTE0MGYtYjVjNS00MGE5LWE3YWYtMTgwYzQzYTA0MzEwIiwiaXNfYW5vbnltb3VzIjpmYWxzZX0.sjRGTE35eoFmFmp0JDM2I628sqwsXLy2yYSUPEUI9-M,a220a854-b371-4528-8f53-d0681323abc2
solgaleo@itb.ac.id,eyJhbGciOiJIUzI1NiIsImtpZCI6InFzNGg5M0tidXdvaHN0N2ciLCJ0eXAiOiJKV1QifQ.eyJpc3MiOiJodHRwczovL3J2bWhob3FoZmhkdGNybm5haWd4LnN1cGFiYXNlLmNvL2F1dGgvdjEiLCJzdWIiOiIzMTUxYzY0My1kYmM5LTQyYmMtODU0My04MGZiNThkZGIxZjUiLCJhdWQiOiJhdXRoZW50aWNhdGVkIiwiZXhwIjoxNzY0MzE4NDEyLCJpYXQiOjE3NjQzMTQ4MTIsImVtYWlsIjoic29sZ2FsZW9AaXRiLmFjLmlkIiwicGhvbmUiOiIiLCJhcHBfbWV0YWRhdGEiOnsicHJvdmlkZXIiOiJlbWFpbCIsInByb3ZpZGVycyI6WyJlbWFpbCJdfSwidXNlcl9tZXRhZGF0YSI6eyJlbWFpbF92ZXJpZmllZCI6dHJ1ZSwibmFtZSI6IlNvbGdhbGVvIiwibmltIjoiMTgxMjYwMzMiLCJyb2xlIjoic3R1ZGVudCJ9LCJyb2xlIjoiYXV0aGVudGljYXRlZCIsImFhbCI6ImFhbDEiLCJhbXIiOlt7Im1ldGhvZCI6InBhc3N3b3JkIiwidGltZXN0YW1wIjoxNzY0MzE0ODEyfV0sInNlc3Npb25faWQiOiIxNzRjN2ZlZi1mMTcwLTRlM2ItOGVkZS1lZjA0NDE1OWY2Y2IiLCJpc19hbm9ueW1vdXMiOmZhbHNlfQ.Ovs2Ea-epy_qRd6LXgmLW4HUcIwItAS92XEBZGu1miU,3151c643-dbc9-42bc-8543-80fb58ddb1f5
lunala@itb.ac.id,eyJhbGciOiJIUzI1NiIsImtpZCI6InFzNGg5M0tidXdvaHN0N2ciLCJ0eXAiOiJKV1QifQ.eyJpc3MiOiJodHRwczovL3J2bWhob3FoZmhkdGNybm5haWd4LnN1cGFiYXNlLmNvL2F1dGgvdjEiLCJzdWIiOiI5ZTRjNTIzOS0zZDVmLTRlOTctYTZkNC1jMTY3YmQ1OGYwNjciLCJhdWQiOiJhdXRoZW50aWNhdGVkIiwiZXhwIjoxNzY0MzE4NDE0LCJpYXQiOjE3NjQzMTQ4MTQsImVtYWlsIjoibHVuYWxhQGl0Yi5hYy5pZCIsInBob25lIjoiIiwiYXBwX21ldGFkYXRhIjp7InByb3ZpZGVyIjoiZW1haWwiLCJwcm92aWRlcnMiOlsiZW1haWwiXX0sInVzZXJfbWV0YWRhdGEiOnsiZW1haWxfdmVyaWZpZWQiOnRydWUsIm5hbWUiOiJMdW5hbGEiLCJuaW0iOiIxODEyNjAzNCIsInJvbGUiOiJzdHVkZW50In0sInJvbGUiOiJhdXRoZW50aWNhdGVkIiwiYWFsIjoiYWFsMSIsImFtciI6W3sibWV0aG9kIjoicGFzc3dvcmQiLCJ0aW1lc3RhbXAiOjE3NjQzMTQ4MTR9XSwic2Vzc2lvbl9pZCI6IjY4NmY1MWNjLTQ2ZDYtNDk3ZS1iZWU5LTliOGY0ZGQ1NDhmNSIsImlzX2Fub255bW91cyI6ZmFsc2V9.U6DhgrncO_SCqJv3qMCRquLWjFixvctzdXz1y3T8WK8,9e4c5239-3d5f-4e97-a6d4-c167bd58f067
necrozma@itb.ac.id,eyJhbGciOiJIUzI1NiIsImtpZCI6InFzNGg5M0tidXdvaHN0N2ciLCJ0eXAiOiJKV1QifQ.eyJpc3MiOiJodHRwczovL3J2bWhob3FoZmhkdGNybm5haWd4LnN1cGFiYXNlLmNvL2F1dGgvdjEiLCJzdWIiOiI2NmExNDYyMy04OTE0LTQ5Y2YtYTgxOS1jM2JmZjM3MDczZDkiLCJhdWQiOiJhdXRoZW50aWNhdGVkIiwiZXhwIjoxNzY0MzE4NDE1LCJpYXQiOjE3NjQzMTQ4MTUsImVtYWlsIjoibmVjcm96bWFAaXRiLmFjLmlkIiwicGhvbmUiOiIiLCJhcHBfbWV0YWRhdGEiOnsicHJvdmlkZXIiOiJlbWFpbCIsInByb3ZpZGVycyI6WyJlbWFpbCJdfSwidXNlcl9tZXRhZGF0YSI6eyJlbWFpbF92ZXJpZmllZCI6dHJ1ZSwibmFtZSI6Ik5lY3Jvem1hIiwibmltIjoiMTgxMjYwMzUiLCJyb2xlIjoic3R1ZGVudCJ9LCJyb2xlIjoiYXV0aGVudGljYXRlZCIsImFhbCI6ImFhbDEiLCJhbXIiOlt7Im1ldGhvZCI6InBhc3N3b3JkIiwidGltZXN0YW1wIjoxNzY0MzE0ODE1fV0sInNlc3Npb25faWQiOiI4MzU3OTVmNC0xZGQ4LTQzYWUtOTE5Ny02YzAwYWQyOWNiZWYiLCJpc19hbm9ueW1vdXMiOmZhbHNlfQ.LJBe9GvTr__d9b6Bm9ctFQb1DeWNtNmr4BN6Q770vxo,66a14623-8914-49cf-a819-c3bff37073d9
zacian@itb.ac.id,eyJhbGciOiJIUzI1NiIsImtpZCI6InFzNGg5M0tidXdvaHN0N2ciLCJ0eXAiOiJKV1QifQ.eyJpc3MiOiJodHRwczovL3J2bWhob3FoZmhkdGNybm5haWd4LnN1cGFiYXNlLmNvL2F1dGgvdjEiLCJzdWIiOiIyNzBmYTA3MS1iODI3LTQ3NTYtOTYzMi1mY2UwYjIxYjVlM2MiLCJhdWQiOiJhdXRoZW50aWNhdGVkIiwiZXhwIjoxNzY0MzE4NDE2LCJpYXQiOjE3NjQzMTQ4MTYsImVtYWlsIjoiemFjaWFuQGl0Yi5hYy5pZCIsInBob25lIjoiIiwiYXBwX21ldGFkYXRhIjp7InByb3ZpZGVyIjoiZW1haWwiLCJwcm92aWRlcnMiOlsiZW1haWwiXX0sInVzZXJfbWV0YWRhdGEiOnsiZW1haWxfdmVyaWZpZWQiOnRydWUsIm5hbWUiOiJaYWNpYW4iLCJuaW0iOiIxODEyNjAzNiIsInJvbGUiOiJzdHVkZW50In0sInJvbGUiOiJhdXRoZW50aWNhdGVkIiwiYWFsIjoiYWFsMSIsImFtciI6W3sibWV0aG9kIjoicGFzc3dvcmQiLCJ0aW1lc3RhbXAiOjE3NjQzMTQ4MTZ9XSwic2Vzc2lvbl9pZCI6ImM5MTc5OWNlLWFmMjktNDUyMC04OTZiLWMzMmYzMmJhMTM5NSIsImlzX2Fub255bW91cyI6ZmFsc2V9.5MMTyG-hoECpLFzddkQ5uoPKt6lYSK2iYTi5wFAg8Kw,270fa071-b827-4756-9632-fce0b21b5e3c
zamazenta@itb.ac.id,eyJhbGciOiJIUzI1NiIsImtpZCI6InFzNGg5M0tidXdvaHN0N2ciLCJ0eXAiOiJKV1QifQ.eyJpc3MiOiJodHRwczovL3J2bWhob3FoZmhkdGNybm5haWd4LnN1cGFiYXNlLmNvL2F1dGgvdjEiLCJzdWIiOiJmN2JjM2VmYy05OWM4LTRlMDMtYWFhOC01Zjc1YWYzNzdjODYiLCJhdWQiOiJhdXRoZW50aWNhdGVkIiwiZXhwIjoxNzY0MzE4NDE3LCJpYXQiOjE3NjQzMTQ4MTcsImVtYWlsIjoiemFtYXplbnRhQGl0Yi5hYy5pZCIsInBob25lIjoiIiwiYXBwX21ldGFkYXRhIjp7InByb3ZpZGVyIjoiZW1haWwiLCJwcm92aWRlcnMiOlsiZW1haWwiXX0sInVzZXJfbWV0YWRhdGEiOnsiZW1haWxfdmVyaWZpZWQiOnRydWUsIm5hbWUiOiJaYW1hemVudGEiLCJuaW0iOiIxODEyNjAzNyIsInJvbGUiOiJzdHVkZW50In0sInJvbGUiOiJhdXRoZW50aWNhdGVkIiwiYWFsIjoiYWFsMSIsImFtciI6W3sibWV0aG9kIjoicGFzc3dvcmQiLCJ0aW1lc3RhbXAiOjE3NjQzMTQ4MTd9XSwic2Vzc2lvbl9pZCI6ImYxMzc1NjlmLTdmNTEtNDQxOS1iY2MzLWMzYTE4NTlkYjYwNiIsImlzX2Fub255bW91cyI6ZmFsc2V9.ZL2gra7D0S9Kkh8j_bDIO2bWOKm7y96j6NfiHlXCQoI,f7bc3efc-99c8-4e03-aaa8-5f75af377c86
eternatus@itb.ac.id,eyJhbGciOiJIUzI1NiIsImtpZCI6InFzNGg5M0tidXdvaHN0N2ciLCJ0eXAiOiJKV1QifQ.eyJpc3MiOiJodHRwczovL3J2bWhob3FoZmhkdGNybm5haWd4LnN1cGFiYXNlLmNvL2F1dGgvdjEiLCJzdWIiOiJhMmJjYmUyOS00Yjg3LTRmOGQtYmU0MC05OGYyYmM5OTliMDgiLCJhdWQiOiJhdXRoZW50aWNhdGVkIiwiZXhwIjoxNzY0MzE4NDE4LCJpYXQiOjE3NjQzMTQ4MTgsImVtYWlsIjoiZXRlcm5hdHVzQGl0Yi5hYy5pZCIsInBob25lIjoiIiwiYXBwX21ldGFkYXRhIjp7InByb3ZpZGVyIjoiZW1haWwiLCJwcm92aWRlcnMiOlsiZW1haWwiXX0sInVzZXJfbWV0YWRhdGEiOnsiZW1haWxfdmVyaWZpZWQiOnRydWUsIm5hbWUiOiJFdGVybmF0dXMiLCJuaW0iOiIxODEyNjAzOCIsInJvbGUiOiJzdHVkZW50In0sInJvbGUiOiJhdXRoZW50aWNhdGVkIiwiYWFsIjoiYWFsMSIsImFtciI6W3sibWV0aG9kIjoicGFzc3dvcmQiLCJ0aW1lc3RhbXAiOjE3NjQzMTQ4MTh9XSwic2Vzc2lvbl9pZCI6ImE5YWViY2IzLTNjNGQtNGM3YS1hYWQzLTVmODE2NGY5NDVjMCIsImlzX2Fub255bW91cyI6ZmFsc2V9.i6aisV19i1X_aV8uwa35aC_-vs-n3UoGDmzQG8A1HRM,a2bcbe29-4b87-4f8d-be40-98f2bc999b08
kubfu@itb.ac.id,eyJhbGciOiJIUzI1NiIsImtpZCI6InFzNGg5M0tidXdvaHN0N2ciLCJ0eXAiOiJKV1QifQ.eyJpc3MiOiJodHRwczovL3J2bWhob3FoZmhkdGNybm5haWd4LnN1cGFiYXNlLmNvL2F1dGgvdjEiLCJzdWIiOiI3NjE3NDE5MC04MDdkLTRmNzgtYmVjOS05OGRkNTgxMWYxMjgiLCJhdWQiOiJhdXRoZW50aWNhdGVkIiwiZXhwIjoxNzY0MzE4NDE5LCJpYXQiOjE3NjQzMTQ4MTksImVtYWlsIjoia3ViZnVAaXRiLmFjLmlkIiwicGhvbmUiOiIiLCJhcHBfbWV0YWRhdGEiOnsicHJvdmlkZXIiOiJlbWFpbCIsInByb3ZpZGVycyI6WyJlbWFpbCJdfSwidXNlcl9tZXRhZGF0YSI6eyJlbWFpbF92ZXJpZmllZCI6dHJ1ZSwibmFtZSI6Ikt1YmZ1IiwibmltIjoiMTgxMjYwMzkiLCJyb2xlIjoic3R1ZGVudCJ9LCJyb2xlIjoiYXV0aGVudGljYXRlZCIsImFhbCI6ImFhbDEiLCJhbXIiOlt7Im1ldGhvZCI6InBhc3N3b3JkIiwidGltZXN0YW1wIjoxNzY0MzE0ODE5fV0sInNlc3Npb25faWQiOiI5Y2Q3MWJlNC01NzYyLTRjN2ItYWI3OC0wOWIyYmRhZjE0MTciLCJpc19hbm9ueW1vdXMiOmZhbHNlfQ.OOJZyUXWuHxqTNntFe9PsZxQMyLb87HZWauOJ0sHyck,76174190-807d-4f78-bec9-98dd5811f128
urshifu@itb.ac.id,eyJhbGciOiJIUzI1NiIsImtpZCI6InFzNGg5M0tidXdvaHN0N2ciLCJ0eXAiOiJKV1QifQ.eyJpc3MiOiJodHRwczovL3J2bWhob3FoZmhkdGNybm5haWd4LnN1cGFiYXNlLmNvL2F1dGgvdjEiLCJzdWIiOiI4NDkzMzJiYi1kYWFiLTQ5ODctODMzZi01MWMwYmI3MWFlM2EiLCJhdWQiOiJhdXRoZW50aWNhdGVkIiwiZXhwIjoxNzY0MzE4NDIzLCJpYXQiOjE3NjQzMTQ4MjMsImVtYWlsIjoidXJzaGlmdUBpdGIuYWMuaWQiLCJwaG9uZSI6IiIsImFwcF9tZXRhZGF0YSI6eyJwcm92aWRlciI6ImVtYWlsIiwicHJvdmlkZXJzIjpbImVtYWlsIl19LCJ1c2VyX21ldGFkYXRhIjp7ImVtYWlsX3ZlcmlmaWVkIjp0cnVlLCJuYW1lIjoiVXJzaGlmdSIsIm5pbSI6IjE4MTI2MDQwIiwicm9sZSI6InN0dWRlbnQifSwicm9sZSI6ImF1dGhlbnRpY2F0ZWQiLCJhYWwiOiJhYWwxIiwiYW1yIjpbeyJtZXRob2QiOiJwYXNzd29yZCIsInRpbWVzdGFtcCI6MTc2NDMxNDgyM31dLCJzZXNzaW9uX2lkIjoiNTdlM2M0NDUtNTY3MS00MmRmLWJhNDUtMGRmYThiYmJmODU4IiwiaXNfYW5vbnltb3VzIjpmYWxzZX0.J_cy5xHCXE-1wBHxXNRBHzh2Uu_Z1HnY8S6nq3OkcYw,849332bb-daab-4987-833f-51c0bb71ae3a
calyrex@itb.ac.id,eyJhbGciOiJIUzI1NiIsImtpZCI6InFzNGg5M0tidXdvaHN0N2ciLCJ0eXAiOiJKV1QifQ.eyJpc3MiOiJodHRwczovL3J2bWhob3FoZmhkdGNybm5haWd4LnN1cGFiYXNlLmNvL2F1dGgvdjEiLCJzdWIiOiJiMTI2ZDJiNi05MmJmLTQ1NWYtOWI2MC03NGY1M2RmNTUyMDgiLCJhdWQiOiJhdXRoZW50aWNhdGVkIiwiZXhwIjoxNzY0MzE4NDI0LCJpYXQiOjE3NjQzMTQ4MjQsImVtYWlsIjoiY2FseXJleEBpdGIuYWMuaWQiLCJwaG9uZSI6IiIsImFwcF9tZXRhZGF0YSI6eyJwcm92aWRlciI6ImVtYWlsIiwicHJvdmlkZXJzIjpbImVtYWlsIl19LCJ1c2VyX21ldGFkYXRhIjp7ImVtYWlsX3ZlcmlmaWVkIjp0cnVlLCJuYW1lIjoiQ2FseXJleCIsIm5pbSI6IjE4MTI2MDQxIiwicm9sZSI6InN0dWRlbnQifSwicm9sZSI6ImF1dGhlbnRpY2F0ZWQiLCJhYWwiOiJhYWwxIiwiYW1yIjpbeyJtZXRob2QiOiJwYXNzd29yZCIsInRpbWVzdGFtcCI6MTc2NDMxNDgyNH1dLCJzZXNzaW9uX2lkIjoiZmIxMmZjODUtYmNjOS00YmU3LWIxZjUtNzdhNGNiYmVjZTc1IiwiaXNfYW5vbnltb3VzIjpmYWxzZX0.u7cOCc4ZYUwYf6ZJ_5CUVyHvnrQdo31o6tjAvZnAOHs,b126d2b6-92bf-455f-9b60-74f53df55208
articuno@itb.ac.id,eyJhbGciOiJIUzI1NiIsImtpZCI6InFzNGg5M0tidXdvaHN0N2ciLCJ0eXAiOiJKV1QifQ.eyJpc3MiOiJodHRwczovL3J2bWhob3FoZmhkdGNybm5haWd4LnN1cGFiYXNlLmNvL2F1dGgvdjEiLCJzdWIiOiIwNjI1OWY0ZS00NzI4LTRlMzctYTkwMC1iYThhMjkwODA5ZjgiLCJhdWQiOiJhdXRoZW50aWNhdGVkIiwiZXhwIjoxNzY0MzE4NDI1LCJpYXQiOjE3NjQzMTQ4MjUsImVtYWlsIjoiYXJ0aWN1bm9AaXRiLmFjLmlkIiwicGhvbmUiOiIiLCJhcHBfbWV0YWRhdGEiOnsicHJvdmlkZXIiOiJlbWFpbCIsInByb3ZpZGVycyI6WyJlbWFpbCJdfSwidXNlcl9tZXRhZGF0YSI6eyJlbWFpbF92ZXJpZmllZCI6dHJ1ZSwibmFtZSI6IkFydGljdW5vIiwibmltIjoiMTgxMjYwNDIiLCJyb2xlIjoic3R1ZGVudCJ9LCJyb2xlIjoiYXV0aGVudGljYXRlZCIsImFhbCI6ImFhbDEiLCJhbXIiOlt7Im1ldGhvZCI6InBhc3N3b3JkIiwidGltZXN0YW1wIjoxNzY0MzE0ODI1fV0sInNlc3Npb25faWQiOiIzZjEwZWQzYi1lOTJhLTQxNTItYjRkOS05MTI0NGI4YjgwYTEiLCJpc19hbm9ueW1vdXMiOmZhbHNlfQ._zAI-uPuBZvRiE94oNPLg2HykQnDJuoQDNDlJcWOSds,06259f4e-4728-4e37-a900-ba8a290809f8
zapdos@itb.ac.id,eyJhbGciOiJIUzI1NiIsImtpZCI6InFzNGg5M0tidXdvaHN0N2ciLCJ0eXAiOiJKV1QifQ.eyJpc3MiOiJodHRwczovL3J2bWhob3FoZmhkdGNybm5haWd4LnN1cGFiYXNlLmNvL2F1dGgvdjEiLCJzdWIiOiJmMGUxM2RmZi04ZjA3LTRjM2YtODljMi0yYWIxNGNjZjE0ZDQiLCJhdWQiOiJhdXRoZW50aWNhdGVkIiwiZXhwIjoxNzY0MzE4NDI3LCJpYXQiOjE3NjQzMTQ4MjcsImVtYWlsIjoiemFwZG9zQGl0Yi5hYy5pZCIsInBob25lIjoiIiwiYXBwX21ldGFkYXRhIjp7InByb3ZpZGVyIjoiZW1haWwiLCJwcm92aWRlcnMiOlsiZW1haWwiXX0sInVzZXJfbWV0YWRhdGEiOnsiZW1haWxfdmVyaWZpZWQiOnRydWUsIm5hbWUiOiJaYXBkb3MiLCJuaW0iOiIxODEyNjA0MyIsInJvbGUiOiJzdHVkZW50In0sInJvbGUiOiJhdXRoZW50aWNhdGVkIiwiYWFsIjoiYWFsMSIsImFtciI6W3sibWV0aG9kIjoicGFzc3dvcmQiLCJ0aW1lc3RhbXAiOjE3NjQzMTQ4Mjd9XSwic2Vzc2lvbl9pZCI6IjU3OWU5OGQ2LWY3YWEtNDdhYi04NmQyLWRjZTliMDlkYWFiYiIsImlzX2Fub255bW91cyI6ZmFsc2V9.hvk73VPn2go89DsqJYZLIaeRjnbF2_CPuXaMMGsNNfo,f0e13dff-8f07-4c3f-89c2-2ab14ccf14d4
moltres@itb.ac.id,eyJhbGciOiJIUzI1NiIsImtpZCI6InFzNGg5M0tidXdvaHN0N2ciLCJ0eXAiOiJKV1QifQ.eyJpc3MiOiJodHRwczovL3J2bWhob3FoZmhkdGNybm5haWd4LnN1cGFiYXNlLmNvL2F1dGgvdjEiLCJzdWIiOiI1Y2M3OWNmZS1kNmFlLTQ1NTUtYmZmMS1lZjVhYTRlOTdjYjAiLCJhdWQiOiJhdXRoZW50aWNhdGVkIiwiZXhwIjoxNzY0MzE4NDI4LCJpYXQiOjE3NjQzMTQ4MjgsImVtYWlsIjoibW9sdHJlc0BpdGIuYWMuaWQiLCJwaG9uZSI6IiIsImFwcF9tZXRhZGF0YSI6eyJwcm92aWRlciI6ImVtYWlsIiwicHJvdmlkZXJzIjpbImVtYWlsIl19LCJ1c2VyX21ldGFkYXRhIjp7ImVtYWlsX3ZlcmlmaWVkIjp0cnVlLCJuYW1lIjoiTW9sdHJlcyIsIm5pbSI6IjE4MTI2MDQ0Iiwicm9sZSI6InN0dWRlbnQifSwicm9sZSI6ImF1dGhlbnRpY2F0ZWQiLCJhYWwiOiJhYWwxIiwiYW1yIjpbeyJtZXRob2QiOiJwYXNzd29yZCIsInRpbWVzdGFtcCI6MTc2NDMxNDgyOH1dLCJzZXNzaW9uX2lkIjoiMDBmYjBmNjMtNTVkOC00YjkyLWJmNzUtMWRhMWJlZTc1YTgwIiwiaXNfYW5vbnltb3VzIjpmYWxzZX0.U-jpkAESOWD_SD_7VtQ975fHT88ZMet8CNy1V8BqvvQ,5cc79cfe-d6ae-4555-bff1-ef5aa4e97cb0
raikou@itb.ac.id,eyJhbGciOiJIUzI1NiIsImtpZCI6InFzNGg5M0tidXdvaHN0N2ciLCJ0eXAiOiJKV1QifQ.eyJpc3MiOiJodHRwczovL3J2bWhob3FoZmhkdGNybm5haWd4LnN1cGFiYXNlLmNvL2F1dGgvdjEiLCJzdWIiOiI0ZGFlY2NlMS00MTU1LTQ4NWEtODZhMS03MjczMmVlNGJlMTYiLCJhdWQiOiJhdXRoZW50aWNhdGVkIiwiZXhwIjoxNzY0MzE4NDI5LCJpYXQiOjE3NjQzMTQ4MjksImVtYWlsIjoicmFpa291QGl0Yi5hYy5pZCIsInBob25lIjoiIiwiYXBwX21ldGFkYXRhIjp7InByb3ZpZGVyIjoiZW1haWwiLCJwcm92aWRlcnMiOlsiZW1haWwiXX0sInVzZXJfbWV0YWRhdGEiOnsiZW1haWxfdmVyaWZpZWQiOnRydWUsIm5hbWUiOiJSYWlrb3UiLCJuaW0iOiIxODEyNjA0NSIsInJvbGUiOiJzdHVkZW50In0sInJvbGUiOiJhdXRoZW50aWNhdGVkIiwiYWFsIjoiYWFsMSIsImFtciI6W3sibWV0aG9kIjoicGFzc3dvcmQiLCJ0aW1lc3RhbXAiOjE3NjQzMTQ4Mjl9XSwic2Vzc2lvbl9pZCI6IjljYmZlOTg4LTQ0MTItNGI5MS05ZjNmLTBhZDc3ZjNhMTZmMSIsImlzX2Fub255bW91cyI6ZmFsc2V9.zMtvVreop6Nf0Z3CuGRSWY54kRPEUh01ZHlBMh7EpSQ,4daecce1-4155-485a-86a1-72732ee4be16
entei@itb.ac.id,eyJhbGciOiJIUzI1NiIsImtpZCI6InFzNGg5M0tidXdvaHN0N2ciLCJ0eXAiOiJKV1QifQ.eyJpc3MiOiJodHRwczovL3J2bWhob3FoZmhkdGNybm5haWd4LnN1cGFiYXNlLmNvL2F1dGgvdjEiLCJzdWIiOiJlYTlmZTM2Mi05ZjY3LTQ4NTktYWU5Zi0yZmVjZTRkYWViZTYiLCJhdWQiOiJhdXRoZW50aWNhdGVkIiwiZXhwIjoxNzY0MzE4NDMxLCJpYXQiOjE3NjQzMTQ4MzEsImVtYWlsIjoiZW50ZWlAaXRiLmFjLmlkIiwicGhvbmUiOiIiLCJhcHBfbWV0YWRhdGEiOnsicHJvdmlkZXIiOiJlbWFpbCIsInByb3ZpZGVycyI6WyJlbWFpbCJdfSwidXNlcl9tZXRhZGF0YSI6eyJlbWFpbF92ZXJpZmllZCI6dHJ1ZSwibmFtZSI6IkVudGVpIiwibmltIjoiMTgxMjYwNDYiLCJyb2xlIjoic3R1ZGVudCJ9LCJyb2xlIjoiYXV0aGVudGljYXRlZCIsImFhbCI6ImFhbDEiLCJhbXIiOlt7Im1ldGhvZCI6InBhc3N3b3JkIiwidGltZXN0YW1wIjoxNzY0MzE0ODMxfV0sInNlc3Npb25faWQiOiJhZGIyMDlmOS03Y2RkLTRhOTctYWE0Zi1jYzJmYTExMjgyNTQiLCJpc19hbm9ueW1vdXMiOmZhbHNlfQ.NoSEO4LEShwcEMqElwnfiGuACBXeqBNkX2v-iL2D3pI,ea9fe362-9f67-4859-ae9f-2fece4daebe6
suicune@itb.ac.id,eyJhbGciOiJIUzI1NiIsImtpZCI6InFzNGg5M0tidXdvaHN0N2ciLCJ0eXAiOiJKV1QifQ.eyJpc3MiOiJodHRwczovL3J2bWhob3FoZmhkdGNybm5haWd4LnN1cGFiYXNlLmNvL2F1dGgvdjEiLCJzdWIiOiI5ODRmZWMyZS1mNmFkLTQxMmMtYTk3OS0wODY5MWYyZDkwMjEiLCJhdWQiOiJhdXRoZW50aWNhdGVkIiwiZXhwIjoxNzY0MzE4NDMyLCJpYXQiOjE3NjQzMTQ4MzIsImVtYWlsIjoic3VpY3VuZUBpdGIuYWMuaWQiLCJwaG9uZSI6IiIsImFwcF9tZXRhZGF0YSI6eyJwcm92aWRlciI6ImVtYWlsIiwicHJvdmlkZXJzIjpbImVtYWlsIl19LCJ1c2VyX21ldGFkYXRhIjp7ImVtYWlsX3ZlcmlmaWVkIjp0cnVlLCJuYW1lIjoiU3VpY3VuZSIsIm5pbSI6IjE4MTI2MDQ3Iiwicm9sZSI6InN0dWRlbnQifSwicm9sZSI6ImF1dGhlbnRpY2F0ZWQiLCJhYWwiOiJhYWwxIiwiYW1yIjpbeyJtZXRob2QiOiJwYXNzd29yZCIsInRpbWVzdGFtcCI6MTc2NDMxNDgzMn1dLCJzZXNzaW9uX2lkIjoiNmM3MDBjZmItZmYyZi00ZTY1LWI2MjgtODBkMmFlY2ZmMGZkIiwiaXNfYW5vbnltb3VzIjpmYWxzZX0.XMr3lTgMgMNsK1kFnznyVXIv600nNQGtbTliS2KV6N4,984fec2e-f6ad-412c-a979-08691f2d9021
regirock@itb.ac.id,eyJhbGciOiJIUzI1NiIsImtpZCI6InFzNGg5M0tidXdvaHN0N2ciLCJ0eXAiOiJKV1QifQ.eyJpc3MiOiJodHRwczovL3J2bWhob3FoZmhkdGNybm5haWd4LnN1cGFiYXNlLmNvL2F1dGgvdjEiLCJzdWIiOiJmYTA1YzhlYi0zNTliLTRkMDktYjRmZS05ZjdiMGViOThhOTciLCJhdWQiOiJhdXRoZW50aWNhdGVkIiwiZXhwIjoxNzY0MzE4NDMzLCJpYXQiOjE3NjQzMTQ4MzMsImVtYWlsIjoicmVnaXJvY2tAaXRiLmFjLmlkIiwicGhvbmUiOiIiLCJhcHBfbWV0YWRhdGEiOnsicHJvdmlkZXIiOiJlbWFpbCIsInByb3ZpZGVycyI6WyJlbWFpbCJdfSwidXNlcl9tZXRhZGF0YSI6eyJlbWFpbF92ZXJpZmllZCI6dHJ1ZSwibmFtZSI6IlJlZ2lyb2NrIiwibmltIjoiMTgxMjYwNDgiLCJyb2xlIjoic3R1ZGVudCJ9LCJyb2xlIjoiYXV0aGVudGljYXRlZCIsImFhbCI6ImFhbDEiLCJhbXIiOlt7Im1ldGhvZCI6InBhc3N3b3JkIiwidGltZXN0YW1wIjoxNzY0MzE0ODMzfV0sInNlc3Npb25faWQiOiJkNjRhYTU2Mi0yZTA4LTQ4MTktYmQyMy1mMzgxMjNkMmUzMDYiLCJpc19hbm9ueW1vdXMiOmZhbHNlfQ.qoItanRAMRJrCBLYVUhuNGVS69syMht4mJ8HJMsaxEk,fa05c8eb-359b-4d09-b4fe-9f7b0eb98a97
regice@itb.ac.id,eyJhbGciOiJIUzI1NiIsImtpZCI6InFzNGg5M0tidXdvaHN0N2ciLCJ0eXAiOiJKV1QifQ.eyJpc3MiOiJodHRwczovL3J2bWhob3FoZmhkdGNybm5haWd4LnN1cGFiYXNlLmNvL2F1dGgvdjEiLCJzdWIiOiJmNzNhMzIzZC1jM2I4LTQ0ZTEtOTQ1Mi1hZDY1YjgyMGM2OTEiLCJhdWQiOiJhdXRoZW50aWNhdGVkIiwiZXhwIjoxNzY0MzE4NDM0LCJpYXQiOjE3NjQzMTQ4MzQsImVtYWlsIjoicmVnaWNlQGl0Yi5hYy5pZCIsInBob25lIjoiIiwiYXBwX21ldGFkYXRhIjp7InByb3ZpZGVyIjoiZW1haWwiLCJwcm92aWRlcnMiOlsiZW1haWwiXX0sInVzZXJfbWV0YWRhdGEiOnsiZW1haWxfdmVyaWZpZWQiOnRydWUsIm5hbWUiOiJSZWdpY2UiLCJuaW0iOiIxODEyNjA0OSIsInJvbGUiOiJzdHVkZW50In0sInJvbGUiOiJhdXRoZW50aWNhdGVkIiwiYWFsIjoiYWFsMSIsImFtciI6W3sibWV0aG9kIjoicGFzc3dvcmQiLCJ0aW1lc3RhbXAiOjE3NjQzMTQ4MzR9XSwic2Vzc2lvbl9pZCI6IjUxZjg3YWJhLWMwNTEtNDQ0Ni04ZDljLTIyMDIwMzJlZGIzNSIsImlzX2Fub255bW91cyI6ZmFsc2V9.j_3l6PTGA-AyybEAXEkOj1FEI3pOvnDOXJM24zMKSuY,f73a323d-c3b8-44e1-9452-ad65b820c691
registeel@itb.ac.id,eyJhbGciOiJIUzI1NiIsImtpZCI6InFzNGg5M0tidXdvaHN0N2ciLCJ0eXAiOiJKV1QifQ.eyJpc3MiOiJodHRwczovL3J2bWhob3FoZmhkdGNybm5haWd4LnN1cGFiYXNlLmNvL2F1dGgvdjEiLCJzdWIiOiJjYjFmOWM5YS0xMGVhLTQzZTktYjA0YS1hYTNmMTBlNzY3ZjQiLCJhdWQiOiJhdXRoZW50aWNhdGVkIiwiZXhwIjoxNzY0MzE4NDM1LCJpYXQiOjE3NjQzMTQ4MzUsImVtYWlsIjoicmVnaXN0ZWVsQGl0Yi5hYy5pZCIsInBob25lIjoiIiwiYXBwX21ldGFkYXRhIjp7InByb3ZpZGVyIjoiZW1haWwiLCJwcm92aWRlcnMiOlsiZW1haWwiXX0sInVzZXJfbWV0YWRhdGEiOnsiZW1haWxfdmVyaWZpZWQiOnRydWUsIm5hbWUiOiJSZWdpc3RlZWwiLCJuaW0iOiIxODEyNjA1MCIsInJvbGUiOiJzdHVkZW50In0sInJvbGUiOiJhdXRoZW50aWNhdGVkIiwiYWFsIjoiYWFsMSIsImFtciI6W3sibWV0aG9kIjoicGFzc3dvcmQiLCJ0aW1lc3RhbXAiOjE3NjQzMTQ4MzV9XSwic2Vzc2lvbl9pZCI6IjFjNDg4MDc1LTFkY2MtNDNmNC1iZjU5LWRkMGUwMDJmMmI2ZSIsImlzX2Fub255bW91cyI6ZmFsc2V9.RWT0VEaWHMHwloHqPpWU67QjtzMgy7EsrSUay-JXnfA,cb1f9c9a-10ea-43e9-b04a-aa3f10e767f4
latias@itb.ac.id,eyJhbGciOiJIUzI1NiIsImtpZCI6InFzNGg5M0tidXdvaHN0N2ciLCJ0eXAiOiJKV1QifQ.eyJpc3MiOiJodHRwczovL3J2bWhob3FoZmhkdGNybm5haWd4LnN1cGFiYXNlLmNvL2F1dGgvdjEiLCJzdWIiOiI3ZjMzMGQ5NC02ZGRjLTRhYTgtOGRiMy04MDZkNmFkZWFiZjkiLCJhdWQiOiJhdXRoZW50aWNhdGVkIiwiZXhwIjoxNzY0MzE4NDM2LCJpYXQiOjE3NjQzMTQ4MzYsImVtYWlsIjoibGF0aWFzQGl0Yi5hYy5pZCIsInBob25lIjoiIiwiYXBwX21ldGFkYXRhIjp7InByb3ZpZGVyIjoiZW1haWwiLCJwcm92aWRlcnMiOlsiZW1haWwiXX0sInVzZXJfbWV0YWRhdGEiOnsiZW1haWxfdmVyaWZpZWQiOnRydWUsIm5hbWUiOiJMYXRpYXMiLCJuaW0iOiIxODEyNjA1MSIsInJvbGUiOiJzdHVkZW50In0sInJvbGUiOiJhdXRoZW50aWNhdGVkIiwiYWFsIjoiYWFsMSIsImFtciI6W3sibWV0aG9kIjoicGFzc3dvcmQiLCJ0aW1lc3RhbXAiOjE3NjQzMTQ4MzZ9XSwic2Vzc2lvbl9pZCI6IjliYWQ2ZjI3LTQ3YWUtNDFlMi04YzhlLWQ1MDliYmE0NDI2OSIsImlzX2Fub255bW91cyI6ZmFsc2V9.actfBJXOShEOXQQPKrhY99GPrxfS6xQs71ZYY0NHLdM,7f330d94-6ddc-4aa8-8db3-806d6adeabf9
latios@itb.ac.id,eyJhbGciOiJIUzI1NiIsImtpZCI6InFzNGg5M0tidXdvaHN0N2ciLCJ0eXAiOiJKV1QifQ.eyJpc3MiOiJodHRwczovL3J2bWhob3FoZmhkdGNybm5haWd4LnN1cGFiYXNlLmNvL2F1dGgvdjEiLCJzdWIiOiJlMTdhYWU2MC1kMTU1LTQwNGEtOWE3ZS0zZGQxOTMyNDJkYzMiLCJhdWQiOiJhdXRoZW50aWNhdGVkIiwiZXhwIjoxNzY0MzE4NDM3LCJpYXQiOjE3NjQzMTQ4MzcsImVtYWlsIjoibGF0aW9zQGl0Yi5hYy5pZCIsInBob25lIjoiIiwiYXBwX21ldGFkYXRhIjp7InByb3ZpZGVyIjoiZW1haWwiLCJwcm92aWRlcnMiOlsiZW1haWwiXX0sInVzZXJfbWV0YWRhdGEiOnsiZW1haWxfdmVyaWZpZWQiOnRydWUsIm5hbWUiOiJMYXRpb3MiLCJuaW0iOiIxODEyNjA1MiIsInJvbGUiOiJzdHVkZW50In0sInJvbGUiOiJhdXRoZW50aWNhdGVkIiwiYWFsIjoiYWFsMSIsImFtciI6W3sibWV0aG9kIjoicGFzc3dvcmQiLCJ0aW1lc3RhbXAiOjE3NjQzMTQ4Mzd9XSwic2Vzc2lvbl9pZCI6ImI3Mjg3YzQwLTNlMmMtNGNiNy05NWI1LWRlYjI5M2ZjYWFiZiIsImlzX2Fub255bW91cyI6ZmFsc2V9.QHP0TITqNXJjdmyWz_TUzx94O4c6tVMs-b00t_NjhJ0,e17aae60-d155-404a-9a7e-3dd193242dc3
jigglypuff@itb.ac.id,eyJhbGciOiJIUzI1NiIsImtpZCI6InFzNGg5M0tidXdvaHN0N2ciLCJ0eXAiOiJKV1QifQ.eyJpc3MiOiJodHRwczovL3J2bWhob3FoZmhkdGNybm5haWd4LnN1cGFiYXNlLmNvL2F1dGgvdjEiLCJzdWIiOiI2Nzc4YjgyZi04ZGFkLTQyZDktODU0Ny0xMDJlZDc4ODM5MWMiLCJhdWQiOiJhdXRoZW50aWNhdGVkIiwiZXhwIjoxNzY0MzE4NDQzLCJpYXQiOjE3NjQzMTQ4NDMsImVtYWlsIjoiamlnZ2x5cHVmZkBpdGIuYWMuaWQiLCJwaG9uZSI6IiIsImFwcF9tZXRhZGF0YSI6eyJwcm92aWRlciI6ImVtYWlsIiwicHJvdmlkZXJzIjpbImVtYWlsIl19LCJ1c2VyX21ldGFkYXRhIjp7ImVtYWlsX3ZlcmlmaWVkIjp0cnVlLCJuYW1lIjoiSmlnZ2x5cHVmZiIsIm5pbSI6IjE4MTI2MDUzIiwicm9sZSI6InN0dWRlbnQifSwicm9sZSI6ImF1dGhlbnRpY2F0ZWQiLCJhYWwiOiJhYWwxIiwiYW1yIjpbeyJtZXRob2QiOiJwYXNzd29yZCIsInRpbWVzdGFtcCI6MTc2NDMxNDg0M31dLCJzZXNzaW9uX2lkIjoiMDMyY2QzZWUtNjRhMi00ZWIwLWE0MmYtY2RiNTU0ZWRmNjVmIiwiaXNfYW5vbnltb3VzIjpmYWxzZX0.PjeoZ48w1U98C7wywEtFlTFCh9PhknUwWUQQ_MqwaeY,6778b82f-8dad-42d9-8547-102ed788391c
